sequence,class,length
YAFFN,pos,5
VSALK,pos,5
FPPWM,neg,5
YAGFL,pos,5
CKFFD,pos,5
ACSAG,neg,5
CCAQK,pos,5
YPLGK,pos,5
FPPWL,neg,5
YAGFG,pos,5
CREKA,pos,5
SKDYN,pos,5
VGFFT,pos,5
YRKAG,pos,5
LVFFA,pos,5
YGGFM,pos,5
VPDPR,pos,5
VPALR,pos,5
SVHGV,pos,5
VQIYK,pos,5
YPFPG,pos,5
LGSVS,pos,5
MFSPQ,neg,5
EHFKF,pos,5
LPFFD,pos,5
YGGFL,pos,5
QLPVM,pos,5
FPPWE,neg,5
QRFSR,pos,5
DILRG,neg,5
SHAVS,pos,5
YPWGF,pos,5
YPWKF,pos,5
CHPPR,pos,5
CGKRK,pos,5
PYRHP,pos,5
PGPLP,pos,5
RWRNK,pos,5
IEFFA,neg,5
YAGFA,pos,5
FVHPM,neg,5
RGDYK,pos,5
RARPRF,neg,6
MEHFRW,pos,6
IGTLTT,pos,6
VQITYK,pos,6
DGGLAG,pos,6
YTGFLS,pos,6
YGGFLR,pos,6
KPWERE,neg,6
GSPMFV,neg,6
VQILYK,pos,6
DPWDWV,neg,6
FCIGRL,pos,6
FVPIWM,neg,6
KIPYIL,pos,6
YAGFNA,pos,6
YAGFLR,pos,6
PGLGFY,neg,6
DVAKVS,pos,6
PFVYLI,pos,6
CYFQNC,pos,6
MEHFKF,pos,6
YAGFLL,pos,6
NPTNLH,neg,6
QVHHQK,neg,6
SHAVSS,pos,6
CAGALC,pos,6
CWDPVL,pos,6
YRFSAR,pos,6
VQIVYK,pos,6
HSPGGA,neg,6
VQIIYK,pos,6
IAYKPE,neg,6
RKPWLL,pos,6
VVYPWT,pos,6
YAFGYPK,pos,7
CYFQNCP,pos,7
IYEPEIA,neg,7
FSRPAFL,pos,7
KMYDFGL,neg,7
EPYAFGL,neg,7
SGTQEEY,pos,7
LVVYPWT,pos,7
MRTGNAN,neg,7
RGERPPR,pos,7
WSWGPYS,pos,7
HAIYPRH,pos,7
YAFQAVG,pos,7
YGGFLRC,pos,7
YACPCFF,pos,7
YCGFCSG,pos,7
CDTPPVC,pos,7
FDFWITP,pos,7
QIPWFHR,neg,7
YPENGFC,pos,7
VPPIGWF,neg,7
YAFQVVG,pos,7
YAFSVVG,pos,7
YACHCFF,pos,7
QPWLPFR,neg,7
AQSFVRL,neg,7
AYNGPLA,neg,7
GGKYMRF,neg,7
VISIIPV,neg,7
CAGALCY,pos,7
RRNPYIL,pos,7
FCYWRTT,pos,7
YAFDVVG,pos,7
MEHFPGP,pos,7
YTGFLSN,pos,7
NTGSPYE,pos,7
DPYAFGL,neg,7
LDHFRWK,pos,7
YPWTQRF,pos,7
GDPFLRF,neg,7
SLSHSPQ,pos,7
SYPGWSW,pos,7
GANYPFF,pos,7
YGLCGFL,pos,7
AGILKRW,pos,7
WKEMSVW,neg,7
YAFEVVG,pos,7
YAFGYPS,pos,7
DGYTPRL,neg,7
YAFSAVG,pos,7
QPWIPFV,neg,7
DQVKIVL,neg,7
GANYPFP,pos,7
AGQNTES,neg,7
AGPYAFGL,neg,8
DPSFNSWG,neg,8
YGGFLRRL,pos,8
ASPYAFGL,neg,8
ASTTTNYT,pos,8
APALRLRF,neg,8
QLNFSPNW,neg,8
DYMGWMDF,pos,8
FCYWKVCT,pos,8
SRPYSFGL,neg,8
KYAFEVVG,pos,8
GGPYSYGL,neg,8
CHAIYPRH,pos,8
ARGYDFGL,neg,8
GANDFMRF,neg,8
SPPFAPRL,neg,8
QLNYSPDW,neg,8
FDAFTTGF,neg,8
QLTFSPDW,neg,8
CHYIFNTC,neg,8
QSSFHSWG,neg,8
CAVRPYIL,pos,8
RCAVPYIL,pos,8
TNRNFLRF,neg,8
DMTRFNMK,pos,8
QVNFTPGW,neg,8
CYFQNCPR,pos,8
YGGTPPFV,neg,8
LLVVYPWT,pos,8
LVPFRPRL,neg,8
DPPFSPRL,neg,8
RRRRRRRR,pos,8
DEVKIVLD,neg,8
RYAFEVVG,pos,8
DPGFSSWG,neg,8
SPAFNSWG,neg,8
HRPYIAHC,pos,8
CEHSHDGA,neg,8
PDMYAFGL,neg,8
GLVSNLGI,neg,8
AGPYSFGL,neg,8
GAQFSSWG,neg,8
SDPNFLRF,neg,8
TPPVSHAV,pos,8
AGADASGE,pos,8
EGDFTPRL,neg,8
EPPPWVPV,neg,8
NAPVSIPQ,pos,8
FCYWKVCW,pos,8
FCFWKTCT,pos,8
DPPFAPRM,neg,8
NFDVLTEQ,pos,8
LPSIGHYY,neg,8
QTSFTPRL,neg,8
GLLSGLGL,neg,8
QLTFTSSWG,neg,9
QAKSQGGSN,neg,9
CYFNNCPVG,neg,9
WKGGNASGE,pos,9
RRYAFEVVG,pos,9
CRGDKGPDC,pos,9
GPDSSFLRL,neg,9
SGKPTFIRF,neg,9
WAGADASGE,pos,9
AQPSMRLRF,neg,9
CYFQNCPRG,pos,9
LPEQDFMRF,neg,9
QEYRGWMDF,neg,9
YPENGFPEN,pos,9
CYISNCPIG,neg,9
CYINNCPVG,neg,9
TPNRDFMRF,neg,9
CYFRNCPIG,neg,9
GPDSAFLRL,neg,9
KPNQDFMRF,neg,9
GVDSSFVRL,neg,9
CLEVSRKNC,pos,9
APQPYAFGL,neg,9
CGEMGWVRC,pos,9
QPSQDFMRF,neg,9
SDYLQLART,neg,9
APSGFMGMR,neg,9
KLSSIESDV,pos,9
APTAFYGVR,neg,9
GVDSSFLRL,neg,9
APYAFEVVG,pos,9
NVRDLTEFQ,pos,9
RKKRRQRRR,pos,9
LPDSSFLRL,neg,9
GRAENFLRL,neg,9
GHKAKGPRK,pos,9
YSQVSRPRF,neg,9
KWKTPKVRV,pos,9
AGLFAQPRL,neg,9
GPETAFLRL,neg,9
CFVRNCPTG,neg,9
PPRPPRPPR,pos,9
AAGQDFMRF,neg,9
CRKRLDRNC,pos,9
CRGDRGPDC,pos,9
VVYPWTQRF,pos,9
HTAGFIPRL,neg,9
CRNGRGPDC,pos,9
WAAGDASGE,pos,9
RCVCTRGFC,neg,9
TPSQDFMRF,neg,9
CYIQSCPIG,neg,9
QGLIPFPRV,neg,9
CLITNCPRG,neg,9
SALLRSIPA,pos,9
ADYLQLARA,neg,9
DGGRNFLRF,neg,9
GPPLLPPLP,neg,9
NPQQDFMRF,neg,9
NPNDKYEPF,pos,9
SDYLQLARG,neg,9
PFCNAFTGC,neg,9
AWQDLNAGW,neg,9
NIPQLTPTP,neg,9
YAGNMEFGH,pos,9
PPYAFEVVG,pos,9
QGLISFPRV,neg,9
NEEVLFGGR,neg,9
CRTIGPSVC,pos,9
LFFKGEKKL,neg,9
NQEGLFHGR,neg,9
SVQDNFIRF,neg,9
ATGQYAFGL,neg,9
YSLRARPRF,neg,9
CTSTSAPYC,pos,9
NQEGLFGGR,neg,9
KKYAFEVVG,pos,9
HKQLPFFEED,pos,10
VQQLTKRFSL,pos,10
QDVDHVFLRF,neg,10
QLTFTPGWGY,neg,10
YSMVFVGIKL,pos,10
CGHKAKGPRK,pos,10
IIIQYEGHKH,neg,10
KTCENLADTY,neg,10
AYSNLNYLRF,neg,10
KQTENLADTY,neg,10
LADQDYTKTA,pos,10
AGVWTVWGTI,neg,10
CGGGHKYLRW,pos,10
GPSSGFFGTR,neg,10
FYPENGFPEN,pos,10
DRVYIHPFHL,pos,10
RLCIPVIFPC,neg,10
SGRKSSKMQA,pos,10
QLTFTPNWGT,neg,10
TPASGFFGMR,neg,10
IFLLWQRCRR,pos,10
QSDDYGHMRF,neg,10
RLCIPYIIPC,neg,10
AGEPKLDAGV,neg,10
QLTFSSGWGN,neg,10
FILMVWAPFI,pos,10
RKHRKHRKHR,pos,10
MELANTANII,pos,10
YPENGFPENF,pos,10
YCYCLAGFNA,pos,10
QDVVHSFLRF,neg,10
KTCENLADDY,neg,10
AAGLFQFPRV,neg,10
FCYWKVCTNH,pos,10
SPASGFFGMR,neg,10
LMYYTLPRPV,neg,10
DEDEDEDEDE,pos,10
NGAPQPFVRF,neg,10
GNLWATGHFM,pos,10
APASGFFGMR,neg,10
DRTPALRLRF,neg,10
TDVDHVFLRF,neg,10
YPENGFCRPA,pos,10
YWAGGDASGE,pos,10
STNQSTNQST,pos,10
LSPTQDFMRF,neg,10
NPASGFFGMR,neg,10
LRKLRKRLLR,pos,10
QHWSDYFKPG,neg,10
FCYWKVCWNH,pos,10
LRQSQFVGSR,neg,10
AAASDNFMRF,neg,10
SPPSQDFMRF,neg,10
RRLSYSRRRF,pos,10
QHWSYGWLPG,neg,10
PQLGLPFPRV,neg,10
DSDSAQNLIG,neg,10
APLMGFQGVR,neg,10
GLLSSLGLNL,neg,10
TSSLFPHPRL,neg,10
GFVRFRLSNTR,pos,11
FCYWRTPENTN,pos,11
QTLLQELPIPP,neg,11
FLPPCAYKGTC,neg,11
SVSNIPESIGF,neg,11
QTFHYSQGWTN,neg,11
RPKPQQFFGLM,pos,11
EAAGLLAFPRV,neg,11
SNRSPSLRLRF,neg,11
PAPETNYLRDP,neg,11
RRRRRRRRRRR,pos,11
GASGLIAFPRV,neg,11
FCTMIPIPRCY,neg,11
QTPQWATGHFM,neg,11
DEGGTQYTPRL,neg,11
QQDYGTGWFDF,neg,11
GRGASSNYVRL,neg,11
PASDSGFLRDP,neg,11
GSSGLIPMGRV,neg,11
QQDYTGAHMDF,neg,11
GSSGMISFPRT,neg,11
GLGNNAFLGVR,neg,11
GRGGASNYVRL,neg,11
ACSSSPSKHCG,pos,11
GSSGLISFPRT,neg,11
YPENGFPENFA,pos,11
QQDYTGAHFDF,neg,11
YGRKKRRQRRR,pos,11
DGRTPALRLRF,neg,11
YGRRARRRRRR,pos,11
EQFEDYGHMRF,neg,11
YPENGFPENRG,pos,11
PIGSENSEKTT,pos,11
GSTGLIPFGRT,neg,11
PAPESGFIRDP,neg,11
PAPDSSFIRDP,neg,11
GSSGLIPFGRT,neg,11
PAASESGFRRDP,neg,12
TPMMPETSQRFK,pos,12
EAAGLIPFPRVG,neg,12
RQIKIWFRKWKK,pos,12
GTLGNLPAPFPG,neg,12
GGSSGLIAFPRL,neg,12
PLSSIFSRIGDP,pos,12
GAVPAAQFSPRL,neg,12
GAVSGLLTNLGL,neg,12
MLADVFEKIMGD,neg,12
GGSSGLISMPRV,neg,12
RICTAIPLPMCL,neg,12
RKRIRLVTKKKR,pos,12
GLVPNLLNNLGL,neg,12
PYRHWSYGLRPG,pos,12
YNQSLLQGYRYW,pos,12
IGSENSEKTTMP,pos,12
DSSHAFTLDELR,pos,12
HPWCCGLRLDLR,pos,12
ISNRSHKGLMVG,pos,12
TGNYKALHPHNG,pos,12
DAAESVLVGTVR,pos,12
YPENGPRFPENF,pos,12
RLSSVDSDLSGC,pos,12
VAARTGEIYVPW,pos,12
SRYSIGGNNGVT,pos,12
RRPAPLIMFRMI,pos,12
VDGDGGLFEKKL,pos,12
PWVPSWMPPRHT,pos,12
RSTASTSYPFFF,pos,12
FGFLPIYRRPAS,neg,12
KISHLLNYRTWL,pos,12
YAWGGGWVLQWF,pos,12
RICTPIPFPMCY,neg,12
MRWFFSHASQGR,pos,12
YAGFNHNHFGAY,pos,12
PYRNCPHRCPRG,pos,12
GRPQKINGARVC,pos,12
DHLPHDVYSPRL,neg,12
YAGCLFNHFGAY,pos,12
RPKPQQFFQGLM,pos,12
KPENENEEALHE,neg,12
RPRTRLHTHRNR,pos,12
SLKPAANLPLRF,pos,12
QSHYRHISPAQV,pos,12
HLNILSTLWKYR,pos,12
QSHYRHISPQQV,pos,12
FLPIASLLGKYL,neg,12
GYRKPPFNGSIF,neg,12
DMTDCITFNMKN,pos,12
THRPPMWSPVWP,pos,12
FCYWRNTPENTN,pos,12
SGVYKVAYDWQH,pos,12
YPENGPFFPENF,pos,12
YPENGPIFPENF,pos,12
KKPYILKKPYIL,pos,12
KVAWRVFSLFWK,pos,12
GLHTSATNLYLH,pos,12
SEEEKRQPWLPFG,neg,13
ILPLVGNLLNDLL,neg,13
YGGFLRRIRPKLK,pos,13
VLPLISMALGKLL,neg,13
THRPPMWSPVWPN,pos,13
GFKNVALSTARGF,neg,13
QDKPFWDPPIYPV,neg,13
YPENGPCLFPENF,pos,13
TGNYKALHPHNGC,pos,13
PWVPSWMPPRHTN,pos,13
NFDEIDRSGFGFN,neg,13
MPEGYPENGFPEN,pos,13
QEKPYWPPPIYPM,neg,13
FQFVNPSDIVFGS,neg,13
DAQEKRQPWLPFV,neg,13
TNHRPPMWSPVWP,pos,13
QSHYRHISPAQVC,pos,13
HLNILSTLWKYRC,pos,13
CAYGRKKRRQRRR,pos,13
NPAGPSPAHIISC,pos,13
GIAEFLNYIKSKA,neg,13
ELYENLPRRPYIL,pos,13
SYSMEHFRWGKPV,pos,13
ELYENKPRRPYIL,pos,13
RKRIRLVTKKKRR,pos,13
CWGLRKLRKRLLR,pos,13
PIGSENSEKTTMP,pos,13
GLLDILKKVGKVA,neg,13
NEEEKVKWQPDVP,neg,13
PFDRISSSAFSDF,neg,13
MTRVQFKHHHHPD,neg,13
AGCKNFFWKTFTSC,pos,14
MAATFALHGWWRTS,neg,14
RLLRLLRRRRRRRR,pos,14
VSRRRRRRGGRRRR,pos,14
KLFMALVAFLRFLT,pos,14
SLEDIEHEVEELLR,neg,14
EDTGTFEEGHGGVR,neg,14
GGGGTSGLFAFPRV,neg,14
AELPQGLWVRPRLG,neg,14
KKRTLRKNDRKKRC,pos,14
FLFPLITSFLSKVL,neg,14
FRPALIVRTKGTRL,neg,14
SESEVPGMWFGPRL,neg,14
AGCRNYFWKSFSSC,pos,14
VAYGRKKRRQRRRR,pos,14
VLGGGSALLRSIPA,pos,14
DVQPPGLKVWSDPF,pos,14
MKATFVLHGWWRTS,neg,14
FLPILINLIHKGLL,neg,14
MANTQNISIWWWAR,neg,14
DSSHAFTLDELRYC,pos,14
AHRFAAEDFGALDTA,neg,15
ITKDFDALMKYIKRI,neg,15
PIGSENSEKTTMPLW,pos,15
GYRPVHNIRGHWAPG,pos,15
MNRVQFNHHHHHHPD,neg,15
PYRLYENKPRRPWIL,pos,15
GLAHSFSDFARDFVA,pos,15
GLLGMVGSLLGGLGL,neg,15
VDKPDYRPRPRPPNM,neg,15
GLLDVVGNLLGGLGL,neg,15
GLFDAIGNLLGGLGL,neg,15
SKGKKANKDVELARG,neg,15
GLLGTLGNLLNGLGL,neg,15
NSVVLGKKQRFHSWG,neg,15
PPRPPRPPRPPRPPR,pos,15
DPMPAEDIVDLAYES,neg,15
SHTCEICAFAACAGC,neg,15
MVRIKPGSANKPSDD,pos,15
YAEVPSPAAQAPTAD,neg,15
SQIKIWFQNKRAKIKK,pos,16
SSYSGNYPYSILFQKF,pos,16
MNSVQFKNHHHHHHPD,neg,16
CGYRPVHNIRGHWAPG,pos,16
RQIKIFFQNRRMKFKK,pos,16
PACAPYGRKKRRQRRR,pos,16
FKESWREARGTRIERG,pos,16
KGTYKKKLMRIPLKGT,pos,16
LRRERQSRLRRERQSR,pos,16
CNCKAPETALCAAACH,pos,16
KIMAKPSKFYEQLRGR,neg,16
TKATEGEFLAEGGGVR,neg,16
QDSGDGWPQQPFVPRL,neg,16
AAVALLPAVLLALLAP,pos,16
TETTEGDFIAEGGGVR,neg,16
FLPIVGKSLSGLSGKL,neg,16
RQVTIWFQNRRVKEKK,pos,16
GRKKRRQRRRPPQGWC,pos,16
SSGGGEGSGMWFGPRL,neg,16
RQIKIWFQNRRMKWKK,pos,16
TDVKESEFIAEGAVGR,neg,16
TNVKESEFIAEGAAGR,neg,16
MKAIMLVNFCDERGSGR,neg,17
RVFSLCNATYPYKGACP,pos,17
FGETSGETKGMWFGPRL,neg,17
GVLDAFKKIATVVKNLV,neg,17
YASPKCFRYPNGVLACT,pos,17
VRPPPVRLPPPVRKPPP,pos,17
GSGGSGEANGMWFGPRL,neg,17
GFGSLLGKALKIGTNLL,neg,17
VRPPPVRLPPPKRLPPP,pos,17
KSVRTWNEIIPSKGCLR,pos,17
AVNIPFKVKFRCKAAFC,neg,17
GIGSALAKAAKLIEGMV,neg,17
GFADLFGKAVDFIKSRV,neg,17
RRRRRRRCCKNYKKTEV,pos,17
FLPLLAASFACTVTKKC,neg,17
DWFKAFYDKVAEKFKEA,pos,17
KWCFRVCYRGICYRRCR,neg,17
QQGEGGPYGGLSPLRFS,neg,17
GLKKLARLFHKLLKLGC,pos,17
MNNSCLSQSTQWWWRAN,neg,17
FFLIPKGRRRRRRRRGC,pos,17
AEVQDKGEFLAEGGGVR,neg,17
CGFLGGRRRGFGGIGGC,pos,17
EGANSNEAKGMWFGPRL,neg,17
VRLPPPVLPPPVRLPPP,pos,17
VRLPPPVRLPPPVRPPP,pos,17
GGETGNDAKAMWFGPRL,neg,17
SGDTSSQAKGMWFGPRL,neg,17
DGDMSGEGKGMWFGPRL,neg,17
LLGMIPVAISAINLMKL,neg,17
VRPPPVRLPPPVRLPPP,pos,17
LQVYGDGDHNGLYADNVN,pos,18
SASGGAGESSGMWFGPRL,neg,18
VRLPPPVKLPPPVRLPPP,pos,18
LLIILRRRIRKQAHAHSK,pos,18
LLGMLPVALSALSALSKL,neg,18
VRLPPPVRLPPPVRLPPP,pos,18
CNCKAPETALCARRCQQH,pos,18
NSELINSILGLPKVMNDA,neg,18
NSELINAILGSPTLMGEV,neg,18
VELPPPVELPPPVELPPP,pos,18
RGGRLSYSRRRFSTSTGR,pos,18
YLKGCWTKSYPPKPCFSR,neg,18
YGRKKRRQRRRPKDNEER,pos,18
KLALKLALKALKAALKLA,pos,18
YAGFLRSSRRLSYSRRRF,pos,18
DWFKAFYDKVAEKFKEAF,pos,18
GFVDFLKKVAGTIANVVT,neg,18
TDPDADEGEFLAEGGGVR,neg,18
GLWEDLLYNINRYAHYIT,pos,18
RRWCFRVCYRGFCYRKCR,neg,18
FRCLVENRGDVPFVTRIR,pos,18
NSGMINSILGIPRVMTEA,neg,18
LRKLRKRLLLRKLRKRLL,pos,18
EYDDMYTEKRPKVYAFGL,neg,18
GIVDFAKGVLGKIKNVLGI,neg,19
ADGSDPAGGEFLEAGGGVR,neg,19
DFDMLRCMLGRVYRPCWQV,pos,19
GPVGLLSSPGSLPPVGGAP,neg,19
TFFYGGSRGRRNNFRTEEY,pos,19
YGRKKRRQRRRLPGKETMA,pos,19
TFFYGGSRGKRNNFKTEEY,pos,19
CPCGRRRCCVRGLNVYCCF,neg,19
KGAAKGLLEVASCKLSKSC,neg,19
VDKPPYLPRPRPPRRIYNR,pos,19
MGIFSIFVISTVHYQPNKK,neg,19
HGLASTLTRWAHYNALIRA,pos,19
VKRGLKLRHVRPRVTRMDV,pos,19
LYKKGPAKKGRPPLRGWFH,pos,19
GILDFAKTVVGGIRNALGI,neg,19
GRKKRRQRRRCSTRIRRQL,pos,19
DPQILMGVLRSIRGFGVKL,pos,19
GILDVAKTLVGKLRNVLGI,neg,19
RRRQRRKKRGYAGQWGESV,pos,19
ADGSDPASSDFLAEGGGVR,neg,19
LYVLHSRGLWGFKLAAALE,pos,19
FLSLIPHAINAVSALVHHF,neg,19
DFDMLRCMLGRVFRPCWQY,pos,19
ATDYDEEEDDRVKVRLDAR,neg,19
AIDYDEDEDGRPKVHVDAR,neg,19
GKPRPYSPRPTSHPRPIRV,pos,19
TFFYGGCRGKRNNFKTEEY,pos,19
SGLQFAVLDGQGFIPFSRV,neg,19
TFFYGGSRGKRNNFRTEEY,pos,19
CTFFYGGSRGKRNNFKTEE,pos,19
GYLDYDEVDDNRAKLPLDAR,neg,20
YGRKKRRQRRRKLSSIESDV,pos,20
LRVRLASHLRKLRKRLLRDA,pos,20
GKPRHYPYSPRPTSHPRPIR,pos,20
HARIKPTFRRLKWKYKGKFW,pos,20
FLSLIPHAINAVSTLVHHSG,neg,20
TWPKHFDKHTFYSILKLGKH,pos,20
GANNNRPVYIPRPRPPHPRL,pos,20
GADFQECMKEHSQKQHQHQG,neg,20
HGLASTLTRWAHYNALIRAF,pos,20
YGRKKRRQRRRGEPHKFKREW,pos,21
NPLFGIAGEDGPTGPSGIVGQ,neg,21
QFPTDYDEGQDDRPKLGLGAR,neg,21
AGYLLGKINLKPLAALAKKIL,pos,21
AGYLLGKINLKALAALAKKIL,pos,21
YGRKKRRQRRRCSEPTLDVKI,pos,21
YGRKKRRQRRRGEPHRFRREW,pos,21
NEQSGKSQTVIVGPWGAQVST,neg,21
GRKKRRQRRRRPKRPTTLNLF,pos,21
QHSTDYDEVEDDRAKLHLDAR,neg,21
GSKKPVPIIYCNRRTGKCQRM,neg,21
QPSYDYDEEEDDRAKLRLDAR,neg,21
YGRKKRRQRRRSFNSYELGSL,pos,21
KPASADGHRGYGRKKRRQRRR,pos,21
MLISGTAFLRLRTNRKAFPTP,neg,21
TLIKTIVTRINDISHTQSVSA,pos,21
NSRQIKIWFQNRRMKWKKGSS,pos,21
CSCSSLMDKECVYFCHLDIIW,pos,21
FLISIPYSASIGGTATLTGTA,neg,21
MLHHMTSRANLLLLRRGGSQRS,neg,22
FLGSIIGALAKGLPSLIALIKK,neg,22
GLGSLLGSLFKFIPKLLPSIQQ,neg,22
MRYISLNTTIITTTETTGYGAG,neg,22
QRFIHPTYRPPPQPRRPVIMRA,neg,22
FVPIFTHSELQKIREKERNKGQ,neg,22
VGGRCHPHVNGGGRRRRRRRRR,pos,22
FVGAALKVLANVLPPVISWIKQ,neg,22
GLWEKVKEKANELVSGIVEGVK,neg,22
GLSKGCFGLKLDRIGSMSGLGC,pos,22
YGRKKRRQRRRTALDWSLWQTE,pos,22
KLKLALALALAVQRKRQKLMPC,pos,22
KIKKVKKKGRKKIKKVKKKGRK,pos,22
FVPFFTQSDIQKMQEKERNKGQ,neg,22
KKALLALALHHLAHLALALKKAC,pos,23
YGRKKRRQRRRRVCACPGRDRRT,pos,23
TEELRVRLASHLRKLRKRLLRDA,pos,23
YGRKKRRQRRGVPRGLYDGVCEV,pos,23
FNAPFDVGIKLSGAQYQQHGRAL,pos,23
KAEEEVEKNKEEAEEEAEKKIAE,neg,23
KSKAINVLRGFRKEIGRMLNILN,pos,23
HGLASTLTRWAHYNALIRAFGGG,pos,23
GLIQTIKEKLKELAGGLVTGIQS,neg,23
YGRKKRRQRRRCCPGECVRTRRR,pos,23
FNAPFDVGIKLSGVQYQQHSQAL,pos,23
GLLQTIKEKLKEFAGGVVTGVQS,neg,23
GIGKFLHSAKKFGKAFVGEIMNS,neg,23
YKVNEYQGPVAPSGGFFLFRPRN,pos,23
FLPLVRGAAKLIPSVVCAISKRC,neg,23
ENFSGGCIPGYMRTADGRCKPTY,neg,23
SENTGAIGKVFPRGNHWAVGHLM,neg,23
MAPRGFSCLLLLTSEIDLPVKRRA,pos,24
VIPFVASVAAEMMQHIFCAASRKC,neg,24
FLPMLAGLAASMVPKFVCLITKKC,neg,24
FLPIIASVAANVFSKIFCAISKKC,neg,24
FLPVVAGLAAKVLPSIICAVTKKC,neg,24
FLPFIARLAAKVFPSIICSVTKKC,neg,24
MAPRGFSCLLLLTGEIDLPVKRRA,pos,24
YGRKKRRQRRRNRRRNSKLQHKKY,pos,24
PTLHTHNRRRRRRPRTRLHTHRNR,pos,24
KIKKVKKKGRKGSKIKKVKKKGRK,pos,24
CKGKGAKCSRLYDCCTGSCRSGKC,pos,24
VIPFVASVAAEMMQHVYCAASRRC,neg,24
RRRRRRRRRARSRLAELRGVPRGL,pos,24
RKRIRLVTKKKRRKRIRLVTKKKR,pos,24
YGRKKRRQRRKEIVSRNKRRYQED,pos,24
FFPAIFRLVAKVVPSIICSVTKKC,neg,24
RPRTRLHTHRNRRPRTRLHTHRNR,pos,24
GIKDWIKGAAKKLIKTVASHIANQ,neg,24
GFKDWIKGAAKKLIKTVAANIANQ,neg,24
FMGGLIKAATKIVPAAYCAITKKC,neg,24
YGRKKRRQRRRKKNRNKLRRQHSY,pos,24
FLPLLAGLAANFLPTIICKISYKC,neg,24
GLWSKIKEAAKTAGLMAMGFVNDMV,neg,25
YKVDEDLQGAGGIQSRGYFFFRPRN,neg,25
GDCGCSGASSCTCASGQCTCSGCGK,neg,25
SMLSVLKNLGKVGLGLVACKINKQC,neg,25
RLTRKRGLKLAGGGGGRRRRRRRRR,pos,25
GLMSSIGKALGGLIVDVLKPKTPAS,neg,25
CKGKGACRKTMYDCCSGSCGRRGKC,pos,25
GIGAAILSAGKSIIKGLANGLAEHF,neg,25
YGRKKRRQRRRHSKFGMKGPASVIS,pos,25
CKGKGAKCSRLMYDCCTGSCRSGKC,pos,25
GLFSVLGSVAKHLLPHVVPVIAEKL,neg,25
CDIFTNSRGKRAGGGGRRRRRRRRR,pos,25
GLWSKIKEAAKTAGKAAMGFVNEMV,neg,25
YGRKKRRQRRRVIKPLTKSYQGSGK,pos,25
GLWDDLKAAAKKVVSSLASAAIEKL,neg,25
GLLSVLGSVAKHVLPHVVPVIAEHL,neg,25
YGRKKRRQRRRARSRLAELRGVPRGL,pos,26
MSGCGCASTGTCHCGKDCTCAGCPHK,neg,26
YGRKKRRQRRRMKSNGSFPVNRRRMD,pos,26
GLLQTIKEKLESLESLAKGIVSGIQA,neg,26
GRKKRRQRRRGGLQGRRRQGYQSIKP,pos,26
GIGAVLKVLTTGLPALISWIKRKRQQ,pos,26
MSNFHNEHVMQFYRNNLKTKGVFGRQ,neg,26
YGRKKRRQRRRARSRLKELRGVPRGL,pos,26
MGLGLHLLVLAAALQGAWSQPKKKRKV,pos,27
MAPCSCKSCGTSCAGSCTSCSCGSCSH,neg,27
HSDGIFTDSYSRYRKQMAVKKYLAAVL,pos,27
HSDGTFTSEYSRLRDSARLQRLLQGLV,pos,27
CYIQNCPRGGKRSYPDTAVPQCIPCGP,neg,27
SGSWLRDVWDWICTVLTDFKTWLQSKL,pos,27
APVSVGGGTVLAKMYPRGNHWAVGHLM,neg,27
HSDGLFTSEYSKMRGNAQVQKFIQNLM,neg,27
GRKKRRQRRRCRRGGSLKAAPGAGTRR,pos,27
KSVRTWNEIIPSKGCLRVGGRCHPHVN,pos,27
GALFLGWLGAAGSTMGAWSQPKKKRKV,pos,27
RPGPPGLQGRLQRLLQANGNHAAGILTM,pos,28
RSCPRIWMECTRDSDCMAKCICVAGHCG,neg,28
GLLDTIKGVAKTVAASMLDKLKCKISGC,neg,28
DAEFRHDSGYQVHHQKLVFFAEDVGSNK,pos,28
ALWKDILKNVGKAAGKAVLNTVTDMVNE,neg,28
MRNLQPNMSRWAFFAKSVGTWNKSSCRS,neg,28
HSDAVFTDNYTRLRKQMAVKKYLNSILN,pos,28
GSSFLSPEHQKAQQRKESKKPPAKLQPR,pos,28
GSSFLSPEHQRVQQRKESKKPPAKLQPR,pos,28
HSDAVFTDNYSRIRKQMAVKKYINSLLA,neg,28
DLQCAETCVHSPCIGPCYCKHGLICYRN,neg,28
HEPCGESCVFIPCITTVVGCSCKNKVCYD,neg,29
GIPTCGETCTLGTCNTPGCTCSWPICTKN,neg,29
RICPRILMECKADSDCLAQCICQESGFCG,neg,29
GSAFCGETCVLGTCYTPDCSCTALVCLKN,neg,29
GLPTCGETCTLGKCNTPKCTCNWPICYKN,neg,29
GLPCGETCFTGKCYTPGCSCSYPICKKIN,neg,29
GWTLNSAGYLLGPHAVDNHRSFNDKHGFT,neg,29
GLWSKIKDAGKAVLKAAGKAALGAVTDAV,neg,29
IKPEAPGEDASPEEASLRHYLNLVTRQRY,pos,29
YTIWMPENPRPGTPCDIFTNSRGKRASNG,pos,29
GLPVCGETCFGGTCNTPGCICDPWPVCTRN,neg,30
GLKDMIKNLAKEAAVKLAGAVINKFSPQPQ,neg,30
CLSGSSCSHYPTSYNCCRSCNHYPYSRKCR,pos,30
GRKKRRQRRRPPRPKRPTTLNLFPQVPRSQ,pos,30
GVIPCGESCVFIPCINKKKCSCKNKVCYRD,neg,30
GTPCGESCVYIPCISGVIGCSCTDKVCYLN,neg,30
DQSRPVQPFLNLTTPRKPRPPRRQRRKKRG,pos,30
GLAGAISSVLDKLKQSQLIKNYAKKLGYPR,neg,30
HAEGTFTSDVSSYLEGQAAKEFIAWLVKGR,pos,30
AYPGNGVHCGKYSCTVDKQTAIGNIGNNAA,neg,30
GIPCAESCVYIPCTVTALLGCSCSDKVCYN,neg,30
ERGCPRILKQCKQDSDCPGECICMAHGFCG,neg,30
GLPVCGESCFGGTCNTPGCACDPWPVCTRD,neg,30
GIPCGESCVFIPCISSVVGCSCKSKVCYLD,neg,30
YAGFLRNHSSCHRGGRLSYSRRRFSTSTGR,pos,30
SIPCGESCVWIPCTITALAGCKCKSKVCYN,neg,30
YQQILTSMPSRNVIQISNDLENLRDLLHVL,pos,30
GLFKTLIKGAGKMLGHVAKEFLGSQGQPES,neg,30
SFSVNPAVEILQHRYMEKVAQNNRNFLNRV,neg,30
ARICPRILMKCKKDSDCLAECICEEHGFCG,neg,30
GSAIACGESCFKFKCYTPGCSCSYPICKKD,neg,30
HADGTYTSDVSTYLQDQAKDFVSWLKSGRA,pos,30
DQSRPVQPFLNLTTPRKPRPPRRRQRRKKR,pos,30
GSIPACGESCFKGKCYTPGCTCSKYPLCAKN,neg,31
SISCGESCVYIPCTVTALVGCTCKDKVCYLN,neg,31
GLPTCGETCFGGTCNTPGCTCDSSWPICTHN,neg,31
GFNPCGETCWNKPTCHAPGCTCSIANICVRN,neg,31
ARRRRSRRASRPVRRRRPRRVSRRRRARRRR,neg,31
HADGTYTSDVSTYLQDQAAKDFVSWLKSGRA,pos,31
MLIQLKIKLLLLLLLYLLYIFYVFLWKQSEF,neg,31
CSNLSTCVLGKLSQELHKLQTYPRTDVGAGTP,neg,32
HAEGTFTSDVSSYLEGQAAKAEFIAWLVRGRG,pos,32
EEDRKCPKILMRCKRDSDCLAKCTCQESGYCG,neg,32
RRICRCRIGRCLGLEVYFGVCFLHGRLARRCCR,neg,33
MRSEQISGSSLNPSCRFSSAYSPVTRQRKDMSR,neg,33
RSGRGECRRQCLRRHEGQPWETQECMRRCRRRG,neg,33
GFFLNALKNFAKTAGKRLKSLLNHASCKLSGQC,neg,33
GLLNTFKDWAISIAKGAGKGVLTTLSCKLDKSC,neg,33
GLLSGLKKVGKHVAKNVAVSLMDSLKCKISGDC,neg,33
QLGPQDLPYLTADLSKKQGPWLEEEEAYGWMDF,neg,33
IKPEAPGEDASPEELNRYYASLRHYLNLVTRQRY,pos,34
GFWKKVGSAAWGGVKAAAKGAAVGGLNALAKHIQ,neg,34
MFSSFNVLIILRGFVRLKKWFNIDSELAFFFPKK,neg,34
PRRRRHAARPVRRRRRTRRSSRVHRRRRAVRRRR,neg,34
GLFLNTVKDVAKDVAKDVAGKLLESLKCKITGCKP,neg,35
AMRAVDKLLLHLKKLFREGQFNRNFESIIICRDRT,pos,35
ISINQDLKAITDMLLTEQIRERQRYLADLRQRLLEK,neg,36
KVVHLRPRSSFSSEDEYQIYLRNVSKYIQLYGRPRF,neg,36
MCMPCFTTDHQMARKCDDCCGGKGRGKCYGPQCLCR,pos,36
TPLQPKYPGDGAPVEDLIQFYDDLQQYLNVVTRPRF,neg,36
GPSQPTYPGNDAPVEDLRFYYDNLQQYRLNVFRHRY,neg,36
DHYNCVSSGGQCLYSACPIFTKIQGTCYRGKAKCCK,pos,36
YPAKPEAPGEDASPEELSRYYASLRHYLNLVTRQRY,neg,36
CKGKGAKCSRLMYDCCTGSCRSGKCYGRKKRRQRRR,pos,36
YPSKPDNPGEDAPAEDLARYYSALRHYINLITRQRY,pos,36
GPSQPTYPGDDAPVEDLIRFYNDLQQYLNVVTRHRY,neg,36
LRVRLASHLRKLRKRLLRDAKKKKKKKKKKKKKKKK,pos,36
APLEPEYPGDNATPEQMAQYAAELRRYINMLTRPRY,pos,36
WEWPWNRKPTKFPIPSPNPRDKWCRLNLGPAWGGRC,pos,36
WNPFKELERAGQRVRDAIISAGPAVATVAQATALAK,neg,36
CIKNGNGCQPNGSQGNCCSGYCHKQPGWVAGYCRRK,neg,36
HSQDTFTNEYNKYLEAKHAQEFVQWLIKSKRRGGLT,neg,36
AYPPKPESPGDAASPEEIAQYFSALRHYINLVTRQRY,neg,37
CKGKGAKCSRLMYDCCTGSCRSGKCGYGRKKRRQRRR,pos,37
KCNTATCATQRLANFLVRSSNNLGPVLPPTNVGSNTY,pos,37
EDEECAKTDQICPPNAPNYCCSGSCVPHPRLRIFVCA,neg,37
GFFSLIKGVAKIATKGLAKNLGKMGLDLVGCKISKEC,neg,37
SPTISITAPIDVLRKTWEQERARKQMVKNREFLNSLN,neg,37
DIQIPGIKKPTHRDIIIPNWNPNVRTQPWQRFGGNKS,neg,37
CKGKGAKCSRLMYDCCTGSCRSGKCGGYGRKKRRQRRR,pos,38
SVIDALQYKLEGTTRLTRKRGLKLATALSLSNKFVEGS,pos,38
VAKCTEESGGKYFVFCCYKPTRICYMNEQKCESTCIGK,neg,38
FTLSLDVPTNIMNLLFNIAKAKNLRAQAAANAHLMAQI,pos,38
HSDATFTAEYSKLLAKLALQKYLESILGSSTSPRPPSS,pos,38
VILSLDVPIGLLRILLEQARYKAARNQAATNAQILAHV,pos,38
HSDGIFTDSYSRYRKQMAVKKYLAAVLGKRYKQRVKNK,pos,38
SYSMEHFRWGKPVGKKRRPVKVYPNGAEDESAEAFPLEF,pos,39
HSDGTFTSDLSKQMEEEAVRLFIEWLKNGGPSSGAPPPS,pos,39
GWLRKIGKKIERVGQHTRDATIQVLGIAQQAANVAATAR,neg,39
CKGKGAKCSRLMYDCCTGSCRSGKCGGGYGRKKRRQRRR,pos,39
SSVIDALQYKLEGTTRLTRKRGLKLATALSLSNKFVEGS,pos,39
APRLPQCQGDDQEKCLCNKDECPPGQCRFPRGDADPYCE,neg,39
KSVRTWNEIIPSKGCLRVGGRCHPHVNGGGRRRRRRRRR,pos,39
QLNFSTGWGRRYADPNADPMAFLTKLIQIEARKLSGCSN,neg,39
HGEGTFTSDLSKQMEEEAVRLFIEWLKNGGPSSGAPPPS,pos,39
GRKSDCFRKSGFCAFLKCPSLTLISGKCSRFYLCCKRIR,neg,39
DDPPLSIDLTFHLLRTLLELARTQSQRERAEQNRIIFDSV,pos,40
DAEFRHDSGYEVHHQKLVFFAEDVGSNKGAIIGLMVGGVV,pos,40
MKNTVKLEQFVALKEKDLQKIKGGESRLPKIRFDFIFPRKK,neg,41
MKNTVKLEQFKEVTEAELQEIRGGDWRISETIRNLIFPRRK,neg,41
YTIWMPENPRPGTPCDIFTNSRGKRASNGGGGRRRRRRRRR,pos,41
SEEPPISLDLTFHLLREVLEMARAEQLAQQAHSNRKLMEII,pos,41
GIGDPVTCLKSGAICHPVFCPRRYKQIGTCGLPGTKCCKKP,pos,41
QQLLGTGRVQGYDGYFVLSVEQYLELSDSANNIHFMRQSEI,pos,41
MKNTVKLEQFVALKEKDLQKIKGGEMRISRIILDFLFLRKK,neg,41
EADEPLWLYKGDNIERAPTTADHPILPSIIDDVKLDPNRRYA,neg,42
LPVNEAQCRQVGGYCGLRICNFPSRFLGLCTRNHPCCSRVWV,neg,42
DAEFRHDSGYEVHHQKLVFFAEDVGSNKGAIIGLMVGGVVIA,pos,42
FITCGGGKEAFWDRCLSVINLMSSKMLQINAYARAARRAARR,pos,42
TKYYGNGVYCNSKKCWVDWGTAQGCIDVVIGQLGGGIPGKGKC,neg,43
KYYGNGVSCNKKGCSVDWGKAIGIIGNNSAANLATGGAAGWSK,neg,43
GGKCTVDWGGQGGGRRLPSPLFCCYKPTRICYLNQETCETETCP,neg,44
HGEGTFTSDLSKQMEEEAVRLFIEWLKNGGPSSGAPPSKKKKKK,pos,44
AQKCGEQGRGAKCPNCLCCGRYGFCGSTPDYCGVGCQSQCRGCR,neg,44
NAEEERRDEPDETDVEVEKRFFPNVASVPGQVLKKIFCAISKKC,neg,44
MNCLKICGFFFALIAALATAEAGTQVIHAGGHTLIQTDRSQYIRKN,neg,46
GIFSKFGGKAIKNLFIKGAKNIGKEVGMDVIRTGIDVAGCKIKGEC,neg,46
HSDGIFTDSYSRYRKQMAVKKYLAAVLGKRYKQRVKNKYGRKKRRQRRR,pos,49
MTKRTTIAARRVGLIDLGKATRQTKGLTQIQALDSVSGQFRDQLGLSAD,neg,49
SSRRCVRLHESCLGQQVPCCDPCATCYCRFFNAFCYCRKLGTAMNPCSRT,pos,50
YRQSMNQGSRSTGCRFGTCTMQKLAHQIYQFTDKDKDGMAPRNKISPQGY,pos,50
